-- SearchBook Data Export

-- Company: 15 rows
INSERT OR REPLACE INTO Company (id, name, industry, size, website, hqLocation, notes, status, createdAt, updatedAt) VALUES (4, 'Providence', NULL, NULL, NULL, NULL, NULL, 'CONNECTED', 1770157191736, 1770157205756);
INSERT OR REPLACE INTO Company (id, name, industry, size, website, hqLocation, notes, status, createdAt, updatedAt) VALUES (5, 'BCG', NULL, NULL, NULL, NULL, NULL, 'RESEARCHING', 1770167284141, 1770167284141);
INSERT OR REPLACE INTO Company (id, name, industry, size, website, hqLocation, notes, status, createdAt, updatedAt) VALUES (6, 'Intermountain Health', NULL, NULL, NULL, NULL, NULL, 'RESEARCHING', 1770167583608, 1770167583608);
INSERT OR REPLACE INTO Company (id, name, industry, size, website, hqLocation, notes, status, createdAt, updatedAt) VALUES (7, 'Mayo Clinic', NULL, NULL, NULL, NULL, NULL, 'RESEARCHING', 1770167583625, 1770167583625);
INSERT OR REPLACE INTO Company (id, name, industry, size, website, hqLocation, notes, status, createdAt, updatedAt) VALUES (8, 'Geisinger', NULL, NULL, NULL, NULL, NULL, 'RESEARCHING', 1770167583641, 1770167583641);
INSERT OR REPLACE INTO Company (id, name, industry, size, website, hqLocation, notes, status, createdAt, updatedAt) VALUES (9, 'American Medical Association', NULL, NULL, NULL, NULL, NULL, 'RESEARCHING', 1770168095206, 1770168095206);
INSERT OR REPLACE INTO Company (id, name, industry, size, website, hqLocation, notes, status, createdAt, updatedAt) VALUES (10, 'Memorial Sloan Kettering', NULL, NULL, NULL, NULL, NULL, 'RESEARCHING', 1770168130531, 1770168130531);
INSERT OR REPLACE INTO Company (id, name, industry, size, website, hqLocation, notes, status, createdAt, updatedAt) VALUES (11, 'UC Berkeley', NULL, NULL, NULL, NULL, NULL, 'CONNECTED', 1770168557866, 1770209907724);
INSERT OR REPLACE INTO Company (id, name, industry, size, website, hqLocation, notes, status, createdAt, updatedAt) VALUES (12, 'Beth Israel Lahey', NULL, NULL, NULL, NULL, NULL, 'CONNECTED', 1770231614762, 1770231614762);
INSERT OR REPLACE INTO Company (id, name, industry, size, website, hqLocation, notes, status, createdAt, updatedAt) VALUES (13, 'CVS Health', NULL, NULL, NULL, NULL, NULL, 'CONNECTED', 1770237130289, 1770237130289);
INSERT OR REPLACE INTO Company (id, name, industry, size, website, hqLocation, notes, status, createdAt, updatedAt) VALUES (14, 'Arboretum', NULL, NULL, NULL, NULL, NULL, 'CONNECTED', 1770258776116, 1770258776116);
INSERT OR REPLACE INTO Company (id, name, industry, size, website, hqLocation, notes, status, createdAt, updatedAt) VALUES (15, 'Chief Outsiders', NULL, NULL, NULL, NULL, NULL, 'CONNECTED', 1770260015357, 1770260015357);
INSERT OR REPLACE INTO Company (id, name, industry, size, website, hqLocation, notes, status, createdAt, updatedAt) VALUES (16, 'MGB', NULL, NULL, NULL, NULL, NULL, 'CONNECTED', 1770261758837, 1770261758837);
INSERT OR REPLACE INTO Company (id, name, industry, size, website, hqLocation, notes, status, createdAt, updatedAt) VALUES (17, 'Virta Health', NULL, NULL, NULL, NULL, NULL, 'CONNECTED', 1770295549394, 1770295549394);
INSERT OR REPLACE INTO Company (id, name, industry, size, website, hqLocation, notes, status, createdAt, updatedAt) VALUES (18, 'Witt Kieffer', NULL, NULL, NULL, NULL, NULL, 'CONNECTED', 1770298044314, 1770298044314);

-- Contact: 21 rows
INSERT OR REPLACE INTO Contact (id, name, title, roleDescription, companyId, companyName, ecosystem, email, phone, linkedinUrl, location, photoUrl, photoFile, status, howConnected, referredById, mutualConnections, whereFound, openQuestions, notes, personalDetails, flagged, createdAt, updatedAt, additionalEmails, additionalCompanyIds) VALUES (6, 'Katie Tucker', NULL, NULL, NULL, 'Spencer Stuart', 'RECRUITER', 'ktucker@spencerstuart.com', NULL, NULL, NULL, NULL, '/photos/1770156040976-178672253.png', 'CONNECTED', 'Ian Finlay', NULL, NULL, NULL, NULL, NULL, NULL, 0, 1770148714990, 1770157947236, NULL, NULL);
INSERT OR REPLACE INTO Contact (id, name, title, roleDescription, companyId, companyName, ecosystem, email, phone, linkedinUrl, location, photoUrl, photoFile, status, howConnected, referredById, mutualConnections, whereFound, openQuestions, notes, personalDetails, flagged, createdAt, updatedAt, additionalEmails, additionalCompanyIds) VALUES (7, 'Ziad Obermeyer', NULL, NULL, 11, NULL, 'ROLODEX', 'ziadoo@gmail.com', NULL, NULL, 'Berkeley', NULL, NULL, 'CONNECTED', NULL, NULL, 'Amy Compton-Phillips
Anthony Phillipakis', NULL, NULL, NULL, 'Olivia (wife)
Twin daughters, born March 2024', 0, 1770148818150, 1770168557898, NULL, NULL);
INSERT OR REPLACE INTO Contact (id, name, title, roleDescription, companyId, companyName, ecosystem, email, phone, linkedinUrl, location, photoUrl, photoFile, status, howConnected, referredById, mutualConnections, whereFound, openQuestions, notes, personalDetails, flagged, createdAt, updatedAt, additionalEmails, additionalCompanyIds) VALUES (8, 'Mauli Modi', 'Data/Analytics Lead', NULL, NULL, 'UCSF - Benioff Children''s Hospital', 'ROLODEX', NULL, NULL, NULL, NULL, NULL, NULL, 'CONNECTED', NULL, NULL, NULL, NULL, NULL, NULL, NULL, 0, 1770157416386, 1770157930283, NULL, NULL);
INSERT OR REPLACE INTO Contact (id, name, title, roleDescription, companyId, companyName, ecosystem, email, phone, linkedinUrl, location, photoUrl, photoFile, status, howConnected, referredById, mutualConnections, whereFound, openQuestions, notes, personalDetails, flagged, createdAt, updatedAt, additionalEmails, additionalCompanyIds) VALUES (9, 'Margaret Lozovatzky', NULL, NULL, 9, NULL, 'ROLODEX', 'margaretlozovatsky@gmail.com', NULL, NULL, NULL, NULL, NULL, 'CONNECTED', NULL, NULL, NULL, NULL, NULL, NULL, NULL, 0, 1770157899727, 1770168095248, NULL, NULL);
INSERT OR REPLACE INTO Contact (id, name, title, roleDescription, companyId, companyName, ecosystem, email, phone, linkedinUrl, location, photoUrl, photoFile, status, howConnected, referredById, mutualConnections, whereFound, openQuestions, notes, personalDetails, flagged, createdAt, updatedAt, additionalEmails, additionalCompanyIds) VALUES (10, 'Josh Kellar', 'Managing Director - Sr Partner', NULL, 5, NULL, 'ROLODEX', 'kellar.josh@bcg.com', NULL, NULL, 'Chicago', NULL, '/photos/1770237491353-209979564.png', 'CONNECTED', 'Dani Gorlin - wondered if I should work at BCG', NULL, NULL, NULL, NULL, NULL, 'PhD from Northwestern
Lives in Evanston', 0, 1770167284175, 1770260489002, NULL, NULL);
INSERT OR REPLACE INTO Contact (id, name, title, roleDescription, companyId, companyName, ecosystem, email, phone, linkedinUrl, location, photoUrl, photoFile, status, howConnected, referredById, mutualConnections, whereFound, openQuestions, notes, personalDetails, flagged, createdAt, updatedAt, additionalEmails, additionalCompanyIds) VALUES (11, 'Dani Gorlin', 'Managing Director -- Sr Partner', NULL, 5, NULL, 'ROLODEX', 'gorlin.daniel@bcg.com', NULL, NULL, 'Chicago', NULL, NULL, 'CONNECTED', NULL, NULL, NULL, NULL, NULL, NULL, 'Ashlynn (wife)
Nitai (Israel); Liat; ?Another', 0, 1770167583580, 1770167770974, NULL, NULL);
INSERT OR REPLACE INTO Contact (id, name, title, roleDescription, companyId, companyName, ecosystem, email, phone, linkedinUrl, location, photoUrl, photoFile, status, howConnected, referredById, mutualConnections, whereFound, openQuestions, notes, personalDetails, flagged, createdAt, updatedAt, additionalEmails, additionalCompanyIds) VALUES (12, 'Nate Holobinko', 'Managing Director and Senior Partner', NULL, 5, NULL, 'ROLODEX', 'Holobinko.Nate@bcg.com', NULL, NULL, 'Seattle', NULL, NULL, 'CONNECTED', NULL, 11, 'Dani Gorlin', NULL, NULL, NULL, NULL, 0, 1770168720266, 1770175588019, NULL, NULL);
INSERT OR REPLACE INTO Contact (id, name, title, roleDescription, companyId, companyName, ecosystem, email, phone, linkedinUrl, location, photoUrl, photoFile, status, howConnected, referredById, mutualConnections, whereFound, openQuestions, notes, personalDetails, flagged, createdAt, updatedAt, additionalEmails, additionalCompanyIds) VALUES (13, 'Caleb Stowell', NULL, 'Leads ACOE', 4, NULL, 'ROLODEX', NULL, NULL, NULL, 'Seattle', NULL, NULL, 'CONNECTED', NULL, NULL, NULL, NULL, NULL, NULL, NULL, 0, 1770224537022, 1770224537022, NULL, NULL);
INSERT OR REPLACE INTO Contact (id, name, title, roleDescription, companyId, companyName, ecosystem, email, phone, linkedinUrl, location, photoUrl, photoFile, status, howConnected, referredById, mutualConnections, whereFound, openQuestions, notes, personalDetails, flagged, createdAt, updatedAt, additionalEmails, additionalCompanyIds) VALUES (14, 'Jane Fogg', NULL, NULL, 9, NULL, 'ROLODEX', NULL, NULL, NULL, NULL, NULL, '/photos/1770225143686-131734637.png', 'FOLLOW_UP_NEEDED', 'Margaret will connect me to her when she returns from a trip to Europe', 9, 'Margaret Lozovatzky', NULL, NULL, NULL, NULL, 0, 1770225162670, 1770238111038, NULL, NULL);
INSERT OR REPLACE INTO Contact (id, name, title, roleDescription, companyId, companyName, ecosystem, email, phone, linkedinUrl, location, photoUrl, photoFile, status, howConnected, referredById, mutualConnections, whereFound, openQuestions, notes, personalDetails, flagged, createdAt, updatedAt, additionalEmails, additionalCompanyIds) VALUES (15, 'Amy Leigh Miller', 'Associate CMIO', NULL, 12, NULL, 'ROLODEX', NULL, NULL, NULL, NULL, NULL, '/photos/1770231595183-846190409.png', 'AWAITING_RESPONSE', 'Margaret sent her my resume re possible BI CDO job', 9, 'Margaret Lozovatzky', NULL, NULL, NULL, NULL, 0, 1770231614789, 1770238054068, NULL, NULL);
INSERT OR REPLACE INTO Contact (id, name, title, roleDescription, companyId, companyName, ecosystem, email, phone, linkedinUrl, location, photoUrl, photoFile, status, howConnected, referredById, mutualConnections, whereFound, openQuestions, notes, personalDetails, flagged, createdAt, updatedAt, additionalEmails, additionalCompanyIds) VALUES (16, 'Amy Compton-Phillips', 'Head of Clinical', NULL, 13, NULL, 'ROLODEX', NULL, NULL, NULL, 'Seattle', NULL, NULL, 'CONNECTED', NULL, NULL, NULL, NULL, NULL, NULL, 'Lou, husband
Son (Engineer) and Daughter (?Med school)', 0, 1770237130321, 1770237130321, NULL, NULL);
INSERT OR REPLACE INTO Contact (id, name, title, roleDescription, companyId, companyName, ecosystem, email, phone, linkedinUrl, location, photoUrl, photoFile, status, howConnected, referredById, mutualConnections, whereFound, openQuestions, notes, personalDetails, flagged, createdAt, updatedAt, additionalEmails, additionalCompanyIds) VALUES (17, 'Paige Wickner', NULL, NULL, 13, NULL, 'ROLODEX', 'Paige.Wickner@cvshealth.com', NULL, NULL, 'Boston, Newton', NULL, NULL, 'CONNECTED', NULL, NULL, 'Amy Compton-Phillips', NULL, NULL, NULL, 'Lives in Newton. Boy and Girl Eva''s age. girl loves soccer; boy very brainy.', 0, 1770237424945, 1770260620563, NULL, NULL);
INSERT OR REPLACE INTO Contact (id, name, title, roleDescription, companyId, companyName, ecosystem, email, phone, linkedinUrl, location, photoUrl, photoFile, status, howConnected, referredById, mutualConnections, whereFound, openQuestions, notes, personalDetails, flagged, createdAt, updatedAt, additionalEmails, additionalCompanyIds) VALUES (18, 'Anthony Philippakis', 'CEO', NULL, 14, NULL, 'ROLODEX', 'anthony@arboretum.bio', NULL, NULL, 'Boston', NULL, NULL, 'CONNECTED', NULL, NULL, NULL, NULL, NULL, NULL, NULL, 0, 1770258776150, 1770261758864, NULL, '[16]');
INSERT OR REPLACE INTO Contact (id, name, title, roleDescription, companyId, companyName, ecosystem, email, phone, linkedinUrl, location, photoUrl, photoFile, status, howConnected, referredById, mutualConnections, whereFound, openQuestions, notes, personalDetails, flagged, createdAt, updatedAt, additionalEmails, additionalCompanyIds) VALUES (19, 'Carol Franczek', NULL, 'Marketing (used to work at NorthShore)', 15, NULL, 'ROLODEX', 'cfranczek@chiefoutsiders.com', NULL, NULL, 'Chicago', NULL, NULL, 'CONNECTED', NULL, NULL, NULL, NULL, NULL, NULL, 'Son getting married to girl from Texas this summer (2026). Does NOT have good relationship with JP Gallagher.', 0, 1770260015378, 1770260089560, NULL, NULL);
INSERT OR REPLACE INTO Contact (id, name, title, roleDescription, companyId, companyName, ecosystem, email, phone, linkedinUrl, location, photoUrl, photoFile, status, howConnected, referredById, mutualConnections, whereFound, openQuestions, notes, personalDetails, flagged, createdAt, updatedAt, additionalEmails, additionalCompanyIds) VALUES (20, 'Ian Finlay', NULL, NULL, NULL, 'Spencer Stuart', 'RECRUITER', 'IFinlay@SpencerStuart.com>', NULL, NULL, NULL, NULL, NULL, 'CONNECTED', NULL, NULL, NULL, NULL, NULL, NULL, NULL, 0, 1770295100225, 1770295100225, NULL, NULL);
INSERT OR REPLACE INTO Contact (id, name, title, roleDescription, companyId, companyName, ecosystem, email, phone, linkedinUrl, location, photoUrl, photoFile, status, howConnected, referredById, mutualConnections, whereFound, openQuestions, notes, personalDetails, flagged, createdAt, updatedAt, additionalEmails, additionalCompanyIds) VALUES (21, 'Julia Knorr', NULL, NULL, NULL, 'Oxeon', 'RECRUITER', 'Julia Knorr julia@oxeon.com', NULL, NULL, NULL, NULL, NULL, 'CONNECTED', NULL, NULL, NULL, NULL, NULL, NULL, NULL, 0, 1770295100248, 1770295100248, NULL, NULL);
INSERT OR REPLACE INTO Contact (id, name, title, roleDescription, companyId, companyName, ecosystem, email, phone, linkedinUrl, location, photoUrl, photoFile, status, howConnected, referredById, mutualConnections, whereFound, openQuestions, notes, personalDetails, flagged, createdAt, updatedAt, additionalEmails, additionalCompanyIds) VALUES (22, 'Hillary Ross', NULL, NULL, 18, 'Wittkeifer', 'RECRUITER', 'hross@wittkieffer.com', NULL, NULL, NULL, NULL, '/photos/1770295245538-913366636.png', 'CONNECTED', NULL, NULL, NULL, NULL, NULL, NULL, NULL, 0, 1770295100265, 1770298044352, NULL, NULL);
INSERT OR REPLACE INTO Contact (id, name, title, roleDescription, companyId, companyName, ecosystem, email, phone, linkedinUrl, location, photoUrl, photoFile, status, howConnected, referredById, mutualConnections, whereFound, openQuestions, notes, personalDetails, flagged, createdAt, updatedAt, additionalEmails, additionalCompanyIds) VALUES (23, 'Bill Luguori', NULL, NULL, NULL, 'LCGSearch', 'RECRUITER', 'Bill Liguori Bill.Liguori@LCGSearch.com', NULL, NULL, NULL, NULL, NULL, 'CONNECTED', NULL, NULL, NULL, NULL, NULL, NULL, NULL, 0, 1770295100281, 1770295100281, NULL, NULL);
INSERT OR REPLACE INTO Contact (id, name, title, roleDescription, companyId, companyName, ecosystem, email, phone, linkedinUrl, location, photoUrl, photoFile, status, howConnected, referredById, mutualConnections, whereFound, openQuestions, notes, personalDetails, flagged, createdAt, updatedAt, additionalEmails, additionalCompanyIds) VALUES (24, 'Doug Greenberg', NULL, NULL, NULL, 'Korn Ferry', 'RECRUITER', 'doug.greenberg@kornferry.com', NULL, NULL, NULL, NULL, NULL, 'NEW', NULL, 26, NULL, NULL, NULL, NULL, NULL, 0, 1770295100298, 1770295326656, NULL, NULL);
INSERT OR REPLACE INTO Contact (id, name, title, roleDescription, companyId, companyName, ecosystem, email, phone, linkedinUrl, location, photoUrl, photoFile, status, howConnected, referredById, mutualConnections, whereFound, openQuestions, notes, personalDetails, flagged, createdAt, updatedAt, additionalEmails, additionalCompanyIds) VALUES (25, 'Judy Kirby', NULL, NULL, NULL, 'Kirby partners', 'RECRUITER', 'jkirby@kirbypartners.com', NULL, NULL, NULL, NULL, NULL, 'NEW', NULL, NULL, NULL, NULL, NULL, NULL, NULL, 0, 1770295100313, 1770295100313, NULL, NULL);
INSERT OR REPLACE INTO Contact (id, name, title, roleDescription, companyId, companyName, ecosystem, email, phone, linkedinUrl, location, photoUrl, photoFile, status, howConnected, referredById, mutualConnections, whereFound, openQuestions, notes, personalDetails, flagged, createdAt, updatedAt, additionalEmails, additionalCompanyIds) VALUES (26, 'Diego Ize-Ludlow', 'Head of Transformation', 'Focus on GLP-1s', 17, NULL, 'ROLODEX', NULL, NULL, NULL, NULL, NULL, '/photos/1770295387394-537830797.png', 'CONNECTED', NULL, NULL, NULL, NULL, NULL, NULL, NULL, 0, 1770295326632, 1770297684341, NULL, '[{"id":6,"isCurrent":false}]');

-- EmploymentHistory: 2 rows
INSERT OR REPLACE INTO EmploymentHistory (id, contactId, companyId, companyName, title, startDate, endDate, createdAt) VALUES (3, 9, 9, NULL, NULL, NULL, '?', 1770174832411);
INSERT OR REPLACE INTO EmploymentHistory (id, contactId, companyId, companyName, title, startDate, endDate, createdAt) VALUES (5, 17, NULL, 'MGB', NULL, NULL, '?', 1770260176684);

-- Conversation: 9 rows
INSERT OR REPLACE INTO Conversation (id, contactId, date, datePrecision, type, summary, notes, nextSteps, photoFile, createdAt) VALUES (1, 6, '2026-02-03', 'DAY', 'CALL', 'Introduction to myself, discussed opportunities', '1. Chief Digital Officer @MSK in NY. Their competition has intensified. They recently went through 2 CIOs; first was ''master of the universe'' and wanted to build EMR in house; next was a research person who had to implement Epic. They still want someone who has some research understanding. Salary range 1.8-2.5M
2. SVP of AI and Digital for the AMA. Salary 1.5M', 'Read CDO and AMA JDs', NULL, 1770156818596);
INSERT OR REPLACE INTO Conversation (id, contactId, date, datePrecision, type, summary, notes, nextSteps, photoFile, createdAt) VALUES (2, 7, '2026-02-03', 'DAY', 'CALL', 'Discussed idea - AI for analytics', 'Inspired by OpenAI idea to use LLM to study table structure, metadata, usage, ETL SQL, etc to create tool that can answer Qs. Talked about utility in health care orgs (I''m a little skeptical that it won''t get used by docs or execs), insurers, consulting groups like BCG.
Maybe train at Providence, then try out at David Kim''s system?', 'Speak to Caleb about Prov interest, then follow up with Ziad', NULL, 1770157175030);
INSERT OR REPLACE INTO Conversation (id, contactId, date, datePrecision, type, summary, notes, nextSteps, photoFile, createdAt) VALUES (3, 8, '2026-02-03', 'DAY', 'OTHER', 'Friendly check in', 'Sounds like the data ecosystem at UCSF is a mess and analytics capabilities are antiquated. No fact/dimension tables. Minimal use of Slicer Dicer.', NULL, NULL, 1770157466114);
INSERT OR REPLACE INTO Conversation (id, contactId, date, datePrecision, type, summary, notes, nextSteps, photoFile, createdAt) VALUES (4, 10, '2026-01-29', 'DAY', 'VIDEO_CALL', 'Intro', 'Talked about ourselves, possible roles at BCG -- maybe Chief Data Officer?', NULL, NULL, 1770167583657);
INSERT OR REPLACE INTO Conversation (id, contactId, date, datePrecision, type, summary, notes, nextSteps, photoFile, createdAt) VALUES (7, 13, '2026-02-04', 'DAY', 'VIDEO_CALL', 'Discussed idea of AI superanalyst', NULL, NULL, NULL, 1770224588353);
INSERT OR REPLACE INTO Conversation (id, contactId, date, datePrecision, type, summary, notes, nextSteps, photoFile, createdAt) VALUES (8, 9, '2026-02-04', 'DAY', 'VIDEO_CALL', 'Discussed her leaving AMA', 'Discussed how I got severance, how she''s approaching it.
She mentioned upcoming CDO role at the Beth Israel', NULL, NULL, 1770225105439);
INSERT OR REPLACE INTO Conversation (id, contactId, date, datePrecision, type, summary, notes, nextSteps, photoFile, createdAt) VALUES (9, 16, '2026-02-04', 'DAY', 'VIDEO_CALL', 'Amy re her BHAG', 'Idea is for CVS Health to tackle heart disease. Use retail as entry point for labs, BP; use AI for coaching and med assignment; prescriber + pharmacist management.', NULL, NULL, 1770237424976);
INSERT OR REPLACE INTO Conversation (id, contactId, date, datePrecision, type, summary, notes, nextSteps, photoFile, createdAt) VALUES (10, 10, '2026-02-04', 'DAY', 'VIDEO_CALL', 'Second call re Chief Analytics and Data Officer role', NULL, NULL, NULL, 1770237651710);
INSERT OR REPLACE INTO Conversation (id, contactId, date, datePrecision, type, summary, notes, nextSteps, photoFile, createdAt) VALUES (11, 18, '2026-02-04', 'DAY', 'EVENT', 'Chatted at Series A Party...', '...about Sean Gibbons at ISB. He also mentioned I should meet Andy Palmer', NULL, NULL, 1770259153821);

-- ConversationContact: 2 rows
INSERT OR REPLACE INTO ConversationContact (conversationId, contactId) VALUES (4, 11);
INSERT OR REPLACE INTO ConversationContact (conversationId, contactId) VALUES (9, 17);

-- ConversationCompany: 5 rows
INSERT OR REPLACE INTO ConversationCompany (conversationId, companyId) VALUES (4, 6);
INSERT OR REPLACE INTO ConversationCompany (conversationId, companyId) VALUES (4, 7);
INSERT OR REPLACE INTO ConversationCompany (conversationId, companyId) VALUES (4, 8);
INSERT OR REPLACE INTO ConversationCompany (conversationId, companyId) VALUES (1, 9);
INSERT OR REPLACE INTO ConversationCompany (conversationId, companyId) VALUES (1, 10);

-- Action: 22 rows
INSERT OR REPLACE INTO Action (id, title, description, type, dueDate, completed, completedDate, contactId, companyId, conversationId, priority, recurring, recurringIntervalDays, recurringEndDate, createdAt, updatedAt) VALUES (1, 'Follow up with Sarah on Q2 priorities', NULL, 'FOLLOW_UP', '2026-02-03', 1, '2026-02-03', NULL, NULL, NULL, 'HIGH', 0, NULL, NULL, 1770138773262, 1770157345500);
INSERT OR REPLACE INTO Action (id, title, description, type, dueDate, completed, completedDate, contactId, companyId, conversationId, priority, recurring, recurringIntervalDays, recurringEndDate, createdAt, updatedAt) VALUES (2, 'Send thank-you email to Marcus', NULL, 'EMAIL', '2026-02-03', 1, '2026-02-03', NULL, NULL, NULL, 'MEDIUM', 0, NULL, NULL, 1770138773265, 1770157346393);
INSERT OR REPLACE INTO Action (id, title, description, type, dueDate, completed, completedDate, contactId, companyId, conversationId, priority, recurring, recurringIntervalDays, recurringEndDate, createdAt, updatedAt) VALUES (3, 'Research Global Finance Partners leadership team', 'Look into recent executive hires and org structure changes.', 'RESEARCH', '2026-02-01', 1, '2026-02-03', NULL, NULL, NULL, 'MEDIUM', 0, NULL, NULL, 1770138773268, 1770157342861);
INSERT OR REPLACE INTO Action (id, title, description, type, dueDate, completed, completedDate, contactId, companyId, conversationId, priority, recurring, recurringIntervalDays, recurringEndDate, createdAt, updatedAt) VALUES (4, 'Prepare talking points for David Kim call', 'Review his recent speaking engagements and mutual connections.', 'WRITE', '2026-02-06', 1, '2026-02-03', NULL, NULL, NULL, 'HIGH', 0, NULL, NULL, 1770138773271, 1770157349786);
INSERT OR REPLACE INTO Action (id, title, description, type, dueDate, completed, completedDate, contactId, companyId, conversationId, priority, recurring, recurringIntervalDays, recurringEndDate, createdAt, updatedAt) VALUES (5, 'Read Dr. Rodriguez latest paper on exec transitions', NULL, 'READ', '2026-02-10', 1, '2026-02-03', NULL, NULL, NULL, 'LOW', 0, NULL, NULL, 1770138773274, 1770146155932);
INSERT OR REPLACE INTO Action (id, title, description, type, dueDate, completed, completedDate, contactId, companyId, conversationId, priority, recurring, recurringIntervalDays, recurringEndDate, createdAt, updatedAt) VALUES (6, 'Schedule intro call with Acme VP of Product', NULL, 'INTRO', '2026-02-08', 1, '2026-02-03', NULL, NULL, NULL, 'HIGH', 0, NULL, NULL, 1770138773279, 1770157350614);
INSERT OR REPLACE INTO Action (id, title, description, type, dueDate, completed, completedDate, contactId, companyId, conversationId, priority, recurring, recurringIntervalDays, recurringEndDate, createdAt, updatedAt) VALUES (7, 'Update resume with consulting project results', NULL, 'WRITE', '2026-01-29', 1, '2026-01-30', NULL, NULL, NULL, 'MEDIUM', 0, NULL, NULL, 1770138773282, 1770138773282);
INSERT OR REPLACE INTO Action (id, title, description, type, dueDate, completed, completedDate, contactId, companyId, conversationId, priority, recurring, recurringIntervalDays, recurringEndDate, createdAt, updatedAt) VALUES (8, 'Send LinkedIn connection request to Summit team', NULL, 'EMAIL', '2026-02-17', 1, '2026-02-03', NULL, NULL, NULL, 'LOW', 0, NULL, NULL, 1770138773285, 1770157355256);
INSERT OR REPLACE INTO Action (id, title, description, type, dueDate, completed, completedDate, contactId, companyId, conversationId, priority, recurring, recurringIntervalDays, recurringEndDate, createdAt, updatedAt) VALUES (9, 'Set up another meeting', NULL, 'EMAIL', '2026-02-11', 0, NULL, 6, NULL, 1, 'MEDIUM', 0, NULL, NULL, 1770156818609, 1770156818609);
INSERT OR REPLACE INTO Action (id, title, description, type, dueDate, completed, completedDate, contactId, companyId, conversationId, priority, recurring, recurringIntervalDays, recurringEndDate, createdAt, updatedAt) VALUES (10, 'Ping Ziad', NULL, 'EMAIL', '2026-02-05', 1, '2026-02-04', 7, NULL, 2, 'MEDIUM', 0, NULL, NULL, 1770157175040, 1770238131928);
INSERT OR REPLACE INTO Action (id, title, description, type, dueDate, completed, completedDate, contactId, companyId, conversationId, priority, recurring, recurringIntervalDays, recurringEndDate, createdAt, updatedAt) VALUES (11, 'follow up conversation with Josh K', NULL, 'FOLLOW_UP', '2026-02-04', 1, '2026-02-04', 10, NULL, 4, 'MEDIUM', 0, NULL, NULL, 1770167583669, 1770238125545);
INSERT OR REPLACE INTO Action (id, title, description, type, dueDate, completed, completedDate, contactId, companyId, conversationId, priority, recurring, recurringIntervalDays, recurringEndDate, createdAt, updatedAt) VALUES (12, 'Review two job specs and get back to Katie Tucker', '...and Alexa AGuittari@spencerstuart.com
AMA SVP and MSK CDO', 'READ', '2026-02-05', 0, NULL, 6, NULL, NULL, 'MEDIUM', 0, NULL, NULL, 1770173963027, 1770174032820);
INSERT OR REPLACE INTO Action (id, title, description, type, dueDate, completed, completedDate, contactId, companyId, conversationId, priority, recurring, recurringIntervalDays, recurringEndDate, createdAt, updatedAt) VALUES (13, 'Resume to Margaret to share with others re BI CDO role', NULL, 'OTHER', '2026-02-04', 1, '2026-02-04', 9, NULL, NULL, 'MEDIUM', 0, NULL, NULL, 1770222739355, 1770225178365);
INSERT OR REPLACE INTO Action (id, title, description, type, dueDate, completed, completedDate, contactId, companyId, conversationId, priority, recurring, recurringIntervalDays, recurringEndDate, createdAt, updatedAt) VALUES (14, 'Arrange Follow up meeting for me, Caleb, Ziad +/- Ford', NULL, 'FOLLOW_UP', '2026-02-06', 0, NULL, 13, NULL, 7, 'MEDIUM', 0, NULL, NULL, 1770224588367, 1770224864080);
INSERT OR REPLACE INTO Action (id, title, description, type, dueDate, completed, completedDate, contactId, companyId, conversationId, priority, recurring, recurringIntervalDays, recurringEndDate, createdAt, updatedAt) VALUES (15, 'Make sure Margaret intros me to Jane Fogg', NULL, 'OTHER', '2026-02-10', 0, NULL, NULL, NULL, NULL, 'MEDIUM', 0, NULL, NULL, 1770225043330, 1770225043330);
INSERT OR REPLACE INTO Action (id, title, description, type, dueDate, completed, completedDate, contactId, companyId, conversationId, priority, recurring, recurringIntervalDays, recurringEndDate, createdAt, updatedAt) VALUES (16, 'Has Amy connected with me', 'Margaret shared my resume with her', 'OTHER', '2026-02-10', 0, NULL, 15, NULL, NULL, 'MEDIUM', 0, NULL, NULL, 1770231651120, 1770231651120);
INSERT OR REPLACE INTO Action (id, title, description, type, dueDate, completed, completedDate, contactId, companyId, conversationId, priority, recurring, recurringIntervalDays, recurringEndDate, createdAt, updatedAt) VALUES (17, 'Get updated bullets to Josh K', NULL, 'OTHER', '2026-02-05', 0, NULL, 10, 5, NULL, 'MEDIUM', 0, NULL, NULL, 1770235239362, 1770235248756);
INSERT OR REPLACE INTO Action (id, title, description, type, dueDate, completed, completedDate, contactId, companyId, conversationId, priority, recurring, recurringIntervalDays, recurringEndDate, createdAt, updatedAt) VALUES (18, 'ReadJosh Kellar''s paper', NULL, 'OTHER', '2026-02-05', 0, NULL, 10, NULL, NULL, 'MEDIUM', 0, NULL, NULL, 1770235272371, 1770235272371);
INSERT OR REPLACE INTO Action (id, title, description, type, dueDate, completed, completedDate, contactId, companyId, conversationId, priority, recurring, recurringIntervalDays, recurringEndDate, createdAt, updatedAt) VALUES (19, 'Test access, Write to Paige Wickner', NULL, 'FOLLOW_UP', '2026-02-06', 0, NULL, 16, NULL, 9, 'MEDIUM', 0, NULL, NULL, 1770237424988, 1770237424988);
INSERT OR REPLACE INTO Action (id, title, description, type, dueDate, completed, completedDate, contactId, companyId, conversationId, priority, recurring, recurringIntervalDays, recurringEndDate, createdAt, updatedAt) VALUES (20, 'Update my bullet points for Josh Kellar', NULL, 'FOLLOW_UP', '2026-02-05', 0, NULL, 10, NULL, 10, 'MEDIUM', 0, NULL, NULL, 1770237651723, 1770237651723);
INSERT OR REPLACE INTO Action (id, title, description, type, dueDate, completed, completedDate, contactId, companyId, conversationId, priority, recurring, recurringIntervalDays, recurringEndDate, createdAt, updatedAt) VALUES (21, 'Read linked papers', NULL, 'FOLLOW_UP', '2026-02-05', 0, NULL, 10, NULL, 10, 'MEDIUM', 0, NULL, NULL, 1770237651731, 1770237651731);
INSERT OR REPLACE INTO Action (id, title, description, type, dueDate, completed, completedDate, contactId, companyId, conversationId, priority, recurring, recurringIntervalDays, recurringEndDate, createdAt, updatedAt) VALUES (22, 'Reach out to Anthony Philippakis re Sean Gibbons and CVS idea', NULL, 'OTHER', '2026-02-05', 0, NULL, NULL, NULL, NULL, 'MEDIUM', 0, NULL, NULL, 1770258408588, 1770258677941);

-- Idea: 2 rows
INSERT OR REPLACE INTO Idea (id, title, description, tags, createdAt) VALUES (2, 'Role of Chief Data Officer at BCG', 'Some stray thoughts for our conversation on Thursday:
•	Imagine we could develop an AI-supported platform that ‘understands’ health care system data and can be used to quickly turn natural language questions into code, find required fields, evaluate data quality, document assumptions, etc. and substantially speed time-to-insights. Do you envision a huge lift getting clients to allow this tool to operate (read only) in their production data environment? Or are you usually pulling data off the client’s prem/cloud into a BCG environment?
•	Is there appetite for a multi-system data federation heavy on operational information for the purposes of benchmarking (e.g. OR efficiency; RNs per primary care RVU; days in AR with payor X)? Related – I think you mentioned working with Komodo. I know the Truveta folks really well (I helped them get started and led their research advisory board). Value in figuring out whether BCG could work with them to create national benchmarks on these kinds of hard-to-benchmark metrics?
•	Thoughts on creating a bank of anonymized case studies from past engagements and using it to build a Knowledge Graph and/or Fine-Tuning-based ‘specialized’ LLM to support your teams in figuring out what to analyze, identifying possible solution spaces, creating decks, etc?
•	Is there a value to your team of whitepapers, presentations, peer-reviewed studies, etc, positioning BCG as a top source of thought leadership about applying AI to real healthcare problems?
•	Do you have something like a ‘health data bootcamp’ for new team members? Or tools to help them figure out what they’re looking at when they receive data or how to ask for what they need?', NULL, 1770209800250);
INSERT OR REPLACE INTO Idea (id, title, description, tags, createdAt) VALUES (4, 'Medicare Fraud Bounty Hunter', NULL, NULL, 1770237782561);

-- Link: 2 rows
INSERT OR REPLACE INTO Link (id, url, title, description, contactId, companyId, createdAt) VALUES (1, 'https://journals.plos.org/plosone/article?id=10.1371/journal.pone.0166762', 'PlosONE paper', NULL, 10, NULL, 1770237651740);
INSERT OR REPLACE INTO Link (id, url, title, description, contactId, companyId, createdAt) VALUES (2, 'https://www.nytimes.com/2016/12/14/business/hospitals-death-rates-quality-vary-widely.html', 'NY Times coversage', NULL, 10, NULL, 1770237651745);

-- PrepNote: 2 rows
INSERT OR REPLACE INTO PrepNote (id, content, url, urlTitle, date, contactId, createdAt) VALUES (1, 'Some stray thoughts for our conversation on Thursday:
•	Imagine we could develop an AI-supported platform that ‘understands’ health care system data and can be used to quickly turn natural language questions into code, find required fields, evaluate data quality, document assumptions, etc. and substantially speed time-to-insights. Do you envision a huge lift getting clients to allow this tool to operate (read only) in their production data environment? Or are you usually pulling data off the client’s prem/cloud into a BCG environment?
•	Is there appetite for a multi-system data federation heavy on operational information for the purposes of benchmarking (e.g. OR efficiency; RNs per primary care RVU; days in AR with payor X)? Related – I think you mentioned working with Komodo. I know the Truveta folks really well (I helped them get started and led their research advisory board). Value in figuring out whether BCG could work with them to create national benchmarks on these kinds of hard-to-benchmark metrics?
•	Thoughts on creating a bank of anonymized case studies from past engagements and using it to build a Knowledge Graph and/or Fine-Tuning-based ‘specialized’ LLM to support your teams in figuring out what to analyze, identifying possible solution spaces, creating decks, etc?
•	Is there a value to your team of whitepapers, presentations, peer-reviewed studies, etc, positioning BCG as a top source of thought leadership about applying AI to real healthcare problems?
•	Do you have something like a ‘health data bootcamp’ for new team members? Or tools to help them figure out what they’re looking at when they receive data or how to ask for what they need?', NULL, NULL, '2026-02-04', 10, 1770174295430);
INSERT OR REPLACE INTO PrepNote (id, content, url, urlTitle, date, contactId, createdAt) VALUES (3, 'Ask Anthony to connect me to ?Andy Palmer', NULL, NULL, '2026-02-04', 18, 1770258843246);

-- Relationship: 3 rows
INSERT OR REPLACE INTO Relationship (id, fromContactId, toContactId, type, notes) VALUES (1, 12, 11, 'KNOWS', NULL);
INSERT OR REPLACE INTO Relationship (id, fromContactId, toContactId, type, notes) VALUES (2, 17, 16, 'KNOWS', NULL);
INSERT OR REPLACE INTO Relationship (id, fromContactId, toContactId, type, notes) VALUES (3, 20, 6, 'KNOWS', NULL);

-- Update sequences
INSERT OR REPLACE INTO sqlite_sequence (name, seq) VALUES ('Company', 18);
INSERT OR REPLACE INTO sqlite_sequence (name, seq) VALUES ('Action', 22);
INSERT OR REPLACE INTO sqlite_sequence (name, seq) VALUES ('Idea', 4);
INSERT OR REPLACE INTO sqlite_sequence (name, seq) VALUES ('Conversation', 11);
INSERT OR REPLACE INTO sqlite_sequence (name, seq) VALUES ('Relationship', 3);
INSERT OR REPLACE INTO sqlite_sequence (name, seq) VALUES ('PrepNote', 3);
INSERT OR REPLACE INTO sqlite_sequence (name, seq) VALUES ('EmploymentHistory', 6);
INSERT OR REPLACE INTO sqlite_sequence (name, seq) VALUES ('Contact', 26);
INSERT OR REPLACE INTO sqlite_sequence (name, seq) VALUES ('Link', 2);
